{"cameraMode":{"drawMode":0,"name":"Shaded","section":"Shading Mode"},"sceneLighting":true,"audioPlay":false,"sceneViewState":{"m_AlwaysRefresh":false,"showFog":true,"showSkybox":true,"showFlares":true,"showImageEffects":true,"showParticleSystems":true,"showVisualEffectGraphs":true,"m_FxEnabled":true},"in2DMode":false,"pivot":{"x":0.3535599708557129,"y":0.2474900186061859,"z":0.3535599708557129},"rotation":{"x":-0.09242923557758331,"y":0.8915217518806458,"z":-0.21138794720172883,"w":-0.3898164927959442},"size":1.2247449159622193,"orthographic":false}